scenario_id,coa_id,gpi,traceability,robustness,controllability,coa_risk,stage,start_min,end_min,duration_min,linked_claims,captured_claims,verified_claims,contested_claims,evidence_strength,risk_level
5482,s5482_y2,0.600819,0.74875,0.605565,0.811061,0.448179,Track fusion,0.0,12.74,12.74,10,9,7,3,0.79,0.471
5482,s5482_y2,0.600819,0.74875,0.605565,0.811061,0.448179,Evidence validation,8.97,25.84,16.87,3,2,2,2,0.667,0.545
5482,s5482_y2,0.600819,0.74875,0.605565,0.811061,0.448179,EW denial setup,25.65,41.87,16.22,9,7,4,6,0.594,0.832
5482,s5482_y2,0.600819,0.74875,0.605565,0.811061,0.448179,Interceptor window,37.25,50.22,12.98,17,15,11,8,0.753,0.94
5482,s5482_y2,0.600819,0.74875,0.605565,0.811061,0.448179,Protected-site backstop,50.92,74.28,23.36,17,15,9,10,0.688,0.932
5482,s5482_y2,0.600819,0.74875,0.605565,0.811061,0.448179,Commander release gate,71.94,81.21,9.27,14,12,9,8,0.739,0.769
