scenario_id,method,method_label,coa_id,gpi,traceability,robustness,controllability,risk_penalty,authority_violations,gate_closure,start_min,end_min,verified_claims,captured_claims,contested_claims,max_risk,mean_risk
5482,coa_gpt_style,COA-GPT-inspired proxy,s5482_y1,0.313295,0.287692,0.364234,0.167354,0.709527,6,0.197972,0.0,81.21,12,19,49,0.98,0.926
5482,rag_coa_style,RAG-inspired proxy,s5482_y2,0.434634,0.655,0.494823,0.209674,0.520179,6,0.251972,0.0,79.71,33,52,45,0.98,0.773
5482,autogen_style,AutoGen-inspired proxy,s5482_y2,0.441955,0.46,0.505565,0.438785,0.537179,5,0.323972,0.0,81.21,23,40,53,0.98,0.842
5482,masmp_style,MASMP-inspired proxy,s5482_y4,0.449498,0.547097,0.478014,0.521656,0.466404,4,0.413972,0.0,81.21,29,46,48,0.902,0.771
5482,ours,Ours,s5482_y2,0.569993,0.6625,0.604394,0.756393,0.509179,2,0.755972,0.0,81.21,29,55,46,0.98,0.804
