scenarios,claim_records,observations,runtime_ms,ms_per_scenario
1000,59996,5000,1416.643000,1.416643
2500,150176,12500,3350.905800,1.340362
5000,301791,25000,6833.730800,1.366746
10000,605006,50000,14172.845700,1.417285
20000,1210585,100000,27778.140400,1.388907
