scenarios,claim_records,observations,runtime_ms,ms_per_scenario
1000,60951,5000,1395.761800,1.395762
2500,151542,12500,3276.190800,1.310476
5000,302633,25000,6636.037700,1.327208
10000,606126,50000,13218.849200,1.321885
20000,1211659,100000,26622.818400,1.331141
