scenarios,claim_records,observations,runtime_ms,ms_per_scenario
1000,59996,5000,1349.540200,1.349540
2500,150176,12500,3230.100600,1.292040
5000,301791,25000,6535.672700,1.307135
10000,605006,50000,13101.100600,1.310110
20000,1210585,100000,26350.084100,1.317504
