scenarios,claim_records,observations,runtime_ms,ms_per_scenario
1000,60951,5000,1486.215900,1.486216
2500,151542,12500,3384.554600,1.353822
5000,302633,25000,6887.805900,1.377561
10000,606126,50000,14593.496900,1.459350
20000,1211659,100000,27118.832000,1.355942
