factor,level1_mean,level2_mean,level3_mean,range,best_level,selected_value
theta_e,0.5169776648047057,0.5086853577625011,0.49513614958029323,0.021841515224412522,1,0.45
p_q,0.5118766396717023,0.505693219900302,0.5032293125754959,0.008647327096206414,1,0.62
p_g,0.4562462853516796,0.5206213987462421,0.5439314880495784,0.08768520269789876,3,0.9
lambda_l,0.5085231575386628,0.5055228884635882,0.5067531261452491,0.0030002690750746686,1,0.1
