factor,level1_mean,level2_mean,level3_mean,range,best_level,selected_value
theta_e,0.5149541811034427,0.509352115438478,0.49628357153954,0.018670609563902707,1,0.45
p_q,0.5094649881230708,0.5065277096510069,0.5045971703073829,0.004867817815687903,1,0.62
p_g,0.45691305217641487,0.5209389664612324,0.5427378494438135,0.08582479726739867,3,0.9
lambda_l,0.5070846093369695,0.507395062739876,0.5061101960046153,0.0012848667352607368,2,0.2
